year,stream,prespawn_survival,max_flow,median_passage_timing,water_year_type,gdd_total
2014,deer creek,0.7884378843788438,1680,17,dry,529.45
2015,deer creek,0.3694029850746269,155,15,dry,550.36
2016,deer creek,0.8096676737160121,4340,18,dry,517.45
2017,deer creek,1.3518518518518519,2220,18,wet,181.81
2018,deer creek,0.6540880503144654,3690,18,dry,276.18
2019,deer creek,0.6376068376068376,2680,18,wet,137.8
2020,deer creek,0.4444444444444444,381,16.5,dry,420.88
