year,stream,prespawn_survival,max_flow,median_passage_timing,water_year_type,gdd_total
2014,mill creek,0.6480117820324006,2250,17,dry,466.17
2015,mill creek,0.9133858267716536,192,16,dry,394.48
2016,mill creek,0.5371428571428571,3820,18,dry,411.73
2017,mill creek,2.63265306122449,1620,20,wet,59.81
2018,mill creek,2.980392156862745,3130,18,dry,196.51
2019,mill creek,2.25,2210,20,wet,48.96
2020,mill creek,1.095890410958904,545,16.5,dry,333.5
